id,tag
2302,array
2302,binary search
2302,sliding window
2302,prefix sum
2301,array
2301,hash table
2301,string
2301,string matching
2300,array
2300,two pointers
2300,binary search
2300,sorting
2299,string
2306,array
2306,hash table
2306,string
2306,bit manipulation
2306,enumeration
2296,linked list
2296,string
2296,stack
2296,design
2296,simulation
2296,doubly-linked list
2295,array
2295,hash table
2295,simulation
2294,array
2294,greedy
2294,sorting
2293,array
2293,simulation
2236,tree
2236,binary tree
2235,math
2286,binary search
2286,design
2286,binary indexed tree
2286,segment tree
2285,greedy
2285,graph
2285,sorting
2285,heap (priority queue)
2284,array
2284,hash table
2284,string
2284,counting
2283,hash table
2283,string
2283,counting
2290,array
2290,breadth-first search
2290,graph
2290,heap (priority queue)
2290,matrix
2290,shortest path
2289,array
2289,linked list
2289,stack
2289,monotonic stack
2288,string
2287,hash table
2287,string
2287,counting
2281,array
2281,stack
2281,monotonic stack
2281,prefix sum
2280,array
2280,math
2280,geometry
2280,sorting
2280,number theory
2279,array
2279,greedy
2279,sorting
2278,string
2246,array
2246,string
2246,tree
2246,depth-first search
2246,graph
2246,topological sort
2245,array
2245,matrix
2245,prefix sum
2244,array
2244,hash table
2244,greedy
2244,counting
2243,string
2243,simulation
2272,array
2272,dynamic programming
2271,array
2271,binary search
2271,greedy
2271,sorting
2271,prefix sum
2270,array
2270,prefix sum
2276,design
2276,segment tree
2276,ordered set
2275,array
2275,hash table
2275,bit manipulation
2275,counting
2274,array
2274,sorting
2242,array
2242,graph
2242,sorting
2242,enumeration
2241,array
2241,greedy
2241,design
2240,math
2240,enumeration
2239,array
2267,array
2267,dynamic programming
2267,matrix
2266,hash table
2266,math
2266,string
2266,dynamic programming
2265,tree
2265,depth-first search
2265,binary tree
2264,string
2224,string
2224,greedy
2258,array
2258,binary search
2258,breadth-first search
2258,matrix
2257,array
2257,matrix
2257,simulation
2256,array
2256,prefix sum
2255,array
2255,string
2262,hash table
2262,string
2262,dynamic programming
2261,array
2261,hash table
2261,trie
2261,rolling hash
2261,hash function
2261,enumeration
2260,array
2260,hash table
2260,sliding window
2259,string
2259,greedy
2259,enumeration
2251,array
2251,hash table
2251,binary search
2251,sorting
2251,prefix sum
2251,ordered set
2250,array
2250,binary search
2250,binary indexed tree
2250,sorting
2249,array
2249,hash table
2249,math
2249,geometry
2249,enumeration
2248,array
2248,hash table
2248,counting
2234,array
2234,two pointers
2234,binary search
2234,greedy
2234,sorting
2233,array
2233,greedy
2233,heap (priority queue)
2232,string
2232,enumeration
2231,sorting
2231,heap (priority queue)
2223,string
2223,binary search
2223,rolling hash
2223,suffix array
2223,string matching
2223,hash function
2222,string
2222,dynamic programming
2222,prefix sum
2221,array
2221,math
2221,simulation
2221,combinatorics
2220,bit manipulation
2203,graph
2203,shortest path
2200,array
2213,array
2213,string
2213,segment tree
2213,ordered set
2212,array
2212,bit manipulation
2212,recursion
2212,enumeration
2211,string
2211,stack
2210,array
2190,array
2190,hash table
2190,counting
2209,string
2209,dynamic programming
2209,prefix sum
2208,array
2208,greedy
2208,heap (priority queue)
2207,string
2207,greedy
2207,prefix sum
2206,array
2206,hash table
2206,bit manipulation
2206,counting
2197,array
2197,math
2197,stack
2197,number theory
2196,array
2196,hash table
2196,tree
2196,depth-first search
2196,breadth-first search
2196,binary tree
2195,array
2195,math
2195,greedy
2195,sorting
2194,string
2183,array
2183,math
2183,number theory
2182,string
2182,greedy
2182,heap (priority queue)
2182,counting
2181,linked list
2181,simulation
2180,math
2180,simulation
2188,array
2188,dynamic programming
2187,array
2187,binary search
2186,hash table
2186,string
2186,counting
2185,array
2185,string
2172,array
2172,dynamic programming
2172,bit manipulation
2172,bitmask
2171,array
2171,sorting
2171,prefix sum
2170,array
2170,hash table
2170,greedy
2170,counting
2169,math
2169,simulation
2167,string
2167,dynamic programming
2166,array
2166,hash table
2166,design
2165,math
2165,sorting
2164,array
2164,sorting
2179,array
2179,binary search
2179,divide and conquer
2179,binary indexed tree
2179,segment tree
2179,merge sort
2179,ordered set
2178,math
2178,greedy
2177,math
2177,simulation
2176,array
2157,string
2157,bit manipulation
2157,union find
2156,string
2156,sliding window
2156,rolling hash
2156,hash function
2154,array
2154,hash table
2154,sorting
2154,simulation
2151,array
2151,backtracking
2151,bit manipulation
2151,enumeration
2149,array
2149,two pointers
2149,simulation
2150,array
2150,hash table
2150,counting
2148,array
2148,sorting
2163,array
2163,dynamic programming
2163,heap (priority queue)
2162,math
2162,enumeration
2161,array
2161,two pointers
2161,simulation
2160,math
2160,greedy
2160,sorting
2141,array
2141,binary search
2141,greedy
2141,sorting
2140,array
2140,dynamic programming
2155,array
2138,string
2138,simulation
2136,array
2136,greedy
2136,sorting
2135,array
2135,hash table
2135,string
2135,bit manipulation
2135,sorting
2134,array
2134,sliding window
2133,array
2133,hash table
2133,matrix
2147,math
2147,string
2147,dynamic programming
2146,array
2146,breadth-first search
2146,sorting
2146,heap (priority queue)
2146,matrix
2145,array
2145,prefix sum
2144,array
2144,greedy
2144,sorting
2127,depth-first search
2127,graph
2127,topological sort
2126,array
2126,greedy
2126,sorting
2125,array
2125,math
2125,string
2125,matrix
2124,string
2122,array
2122,hash table
2122,sorting
2122,enumeration
2121,array
2121,hash table
2121,prefix sum
2120,string
2120,simulation
2119,math
2131,array
2131,hash table
2131,string
2131,greedy
2131,counting
2130,linked list
2130,two pointers
2130,stack
2129,string
2111,array
2111,binary search
2110,array
2110,math
2110,dynamic programming
2109,array
2109,string
2109,simulation
2108,array
2108,two pointers
2108,string
2106,array
2106,binary search
2106,sliding window
2106,prefix sum
2105,array
2105,two pointers
2105,simulation
2104,array
2104,stack
2104,monotonic stack
2103,hash table
2103,string
2117,math
2116,string
2116,stack
2116,greedy
2115,array
2115,hash table
2115,string
2115,graph
2115,topological sort
2114,array
2114,string
2096,string
2096,tree
2096,depth-first search
2096,binary tree
2095,linked list
2095,two pointers
2094,array
2094,hash table
2094,sorting
2094,enumeration
2092,depth-first search
2092,breadth-first search
2092,union find
2092,graph
2092,sorting
2091,array
2091,greedy
2090,array
2090,sliding window
2089,array
2089,binary search
2089,sorting
2102,design
2102,heap (priority queue)
2102,data stream
2102,ordered set
2101,array
2101,math
2101,depth-first search
2101,breadth-first search
2101,graph
2101,geometry
2100,array
2100,dynamic programming
2100,prefix sum
2099,array
2099,hash table
2099,sorting
2099,heap (priority queue)
2081,math
2081,enumeration
2097,depth-first search
2097,graph
2097,eulerian circuit
2132,array
2132,greedy
2132,matrix
2132,prefix sum
2078,array
2078,greedy
2076,union find
2076,graph
2075,string
2075,simulation
2074,linked list
2073,array
2073,queue
2073,simulation
2088,array
2088,dynamic programming
2088,matrix
2087,array
2087,greedy
2087,matrix
2086,string
2086,dynamic programming
2086,greedy
2085,array
2085,hash table
2085,string
2085,counting
2065,array
2065,backtracking
2065,graph
2064,array
2064,binary search
2063,math
2063,string
2063,dynamic programming
2063,combinatorics
2062,hash table
2062,string
2060,string
2060,dynamic programming
2059,array
2059,breadth-first search
2058,linked list
2057,array
2071,array
2071,binary search
2071,greedy
2071,queue
2071,sorting
2071,monotonic queue
2070,array
2070,binary search
2070,sorting
2069,design
2069,simulation
2068,hash table
2068,string
2068,counting
2050,dynamic programming
2050,graph
2050,topological sort
2049,array
2049,tree
2049,depth-first search
2049,binary tree
2048,math
2048,backtracking
2048,enumeration
2047,string
2045,breadth-first search
2045,graph
2045,shortest path
2044,array
2044,backtracking
2044,bit manipulation
2043,array
2043,hash table
2043,design
2043,simulation
2042,string
2056,array
2056,string
2056,backtracking
2056,simulation
2055,array
2055,string
2055,binary search
2055,prefix sum
2054,array
2054,binary search
2054,dynamic programming
2054,sorting
2054,heap (priority queue)
2053,array
2053,hash table
2053,string
2053,counting
2035,array
2035,two pointers
2035,binary search
2035,dynamic programming
2035,bit manipulation
2035,ordered set
2035,bitmask
2034,hash table
2034,design
2034,heap (priority queue)
2034,data stream
2034,ordered set
2033,array
2033,math
2033,sorting
2033,matrix
2032,array
2032,hash table
2030,string
2030,stack
2030,greedy
2030,monotonic stack
2029,array
2029,math
2029,greedy
2029,counting
2029,game theory
2028,array
2028,math
2028,simulation
2027,string
2027,greedy
2039,array
2039,breadth-first search
2039,graph
2040,array
2040,binary search
2038,math
2038,string
2038,greedy
2038,game theory
2037,array
2037,sorting
2019,array
2019,math
2019,string
2019,dynamic programming
2019,stack
2019,memoization
2018,array
2018,matrix
2018,enumeration
2017,array
2017,matrix
2017,prefix sum
2016,array
2014,string
2014,backtracking
2014,greedy
2014,counting
2014,enumeration
2013,array
2013,hash table
2013,design
2013,counting
2012,array
2011,array
2011,string
2011,simulation
2025,array
2025,hash table
2025,counting
2025,enumeration
2025,prefix sum
2024,string
2024,binary search
2024,sliding window
2024,prefix sum
2023,array
2023,string
2022,array
2022,matrix
2022,simulation
2003,dynamic programming
2003,tree
2003,depth-first search
2003,union find
2002,string
2002,dynamic programming
2002,backtracking
2002,bit manipulation
2002,bitmask
2001,array
2001,hash table
2001,math
2001,counting
2001,number theory
2000,two pointers
2000,string
1998,array
1998,math
1998,union find
1998,sorting
1997,array
1997,dynamic programming
1996,array
1996,stack
1996,greedy
1996,sorting
1996,monotonic stack
1995,array
1995,enumeration
1971,depth-first search
1971,breadth-first search
1971,graph
2009,array
2009,binary search
2008,array
2008,binary search
2008,dynamic programming
2008,sorting
2007,array
2007,hash table
2007,greedy
2007,sorting
2006,array
2006,hash table
2006,counting
1987,string
1987,dynamic programming
1986,array
1986,dynamic programming
1986,backtracking
1986,bit manipulation
1986,bitmask
1985,array
1985,string
1985,divide and conquer
1985,sorting
1985,heap (priority queue)
1985,quickselect
1984,array
1984,sliding window
1984,sorting
1982,array
1982,divide and conquer
1981,array
1981,dynamic programming
1981,matrix
1980,array
1980,string
1980,backtracking
1979,array
1979,math
1979,number theory
1994,array
1994,math
1994,dynamic programming
1994,bit manipulation
1994,bitmask
1993,hash table
1993,tree
1993,depth-first search
1993,breadth-first search
1993,design
1992,array
1992,depth-first search
1992,breadth-first search
1992,matrix
1991,array
1991,prefix sum
1970,array
1970,binary search
1970,depth-first search
1970,breadth-first search
1970,union find
1970,matrix
1969,math
1969,greedy
1969,recursion
1967,string
1964,array
1964,binary search
1964,binary indexed tree
1963,two pointers
1963,string
1963,stack
1963,greedy
1962,array
1962,heap (priority queue)
1961,array
1961,string
1977,string
1977,dynamic programming
1977,suffix array
1976,dynamic programming
1976,graph
1976,topological sort
1976,shortest path
1975,array
1975,greedy
1975,matrix
1974,string
1974,greedy
1955,array
1955,dynamic programming
1968,array
1968,greedy
1968,sorting
1953,array
1953,greedy
1952,math
1959,array
1959,dynamic programming
1958,array
1958,matrix
1958,enumeration
1948,array
1948,hash table
1948,string
1948,trie
1948,hash function
1947,array
1947,dynamic programming
1947,backtracking
1947,bit manipulation
1947,bitmask
1946,array
1946,string
1946,greedy
1945,string
1945,simulation
1938,array
1938,bit manipulation
1938,trie
1937,array
1937,dynamic programming
1936,array
1936,greedy
1931,dynamic programming
1932,hash table
1932,binary search
1932,tree
1932,depth-first search
1932,binary tree
1930,hash table
1930,string
1930,prefix sum
1929,array
1943,array
1943,prefix sum
1942,array
1942,heap (priority queue)
1942,ordered set
1941,hash table
1941,string
1941,counting
1923,array
1923,binary search
1923,rolling hash
1923,suffix array
1923,hash function
1922,math
1922,recursion
1921,array
1921,greedy
1921,sorting
1920,array
1920,simulation
1901,array
1901,binary search
1901,divide and conquer
1901,matrix
1915,hash table
1915,string
1915,bit manipulation
1915,prefix sum
1914,array
1914,matrix
1914,simulation
1913,array
1913,sorting
1928,dynamic programming
1928,graph
1927,math
1927,greedy
1927,game theory
1926,array
1926,breadth-first search
1926,matrix
1925,math
1925,enumeration
1905,array
1905,depth-first search
1905,breadth-first search
1905,union find
1905,matrix
1906,array
1906,hash table
1904,math
1904,string
1903,math
1903,string
1903,greedy
1884,math
1884,dynamic programming
1900,dynamic programming
1900,memoization
1898,array
1898,string
1898,binary search
1899,array
1899,greedy
1897,hash table
1897,string
1897,counting
1912,array
1912,hash table
1912,design
1912,heap (priority queue)
1912,ordered set
1911,array
1911,dynamic programming
1910,string
1909,array
1889,array
1889,binary search
1889,sorting
1889,prefix sum
1888,string
1888,greedy
1887,array
1887,sorting
1886,array
1886,matrix
1883,array
1883,dynamic programming
1882,array
1882,heap (priority queue)
1881,string
1881,greedy
1880,string
1896,math
1896,string
1896,dynamic programming
1896,stack
1894,array
1894,binary search
1894,simulation
1894,prefix sum
1893,array
1893,hash table
1893,prefix sum
1872,array
1872,math
1872,dynamic programming
1872,prefix sum
1872,game theory
1871,two pointers
1871,string
1871,prefix sum
1870,array
1870,binary search
1869,string
1866,math
1866,dynamic programming
1866,combinatorics
1865,array
1865,hash table
1865,design
1864,string
1864,greedy
1863,array
1863,math
1863,backtracking
1863,bit manipulation
1863,combinatorics
1878,array
1878,math
1878,sorting
1878,heap (priority queue)
1878,matrix
1878,prefix sum
1879,array
1879,dynamic programming
1879,bit manipulation
1879,bitmask
1877,array
1877,two pointers
1877,greedy
1877,sorting
1876,hash table
1876,string
1876,sliding window
1876,counting
1857,hash table
1857,dynamic programming
1857,graph
1857,topological sort
1857,memoization
1857,counting
1856,array
1856,stack
1856,monotonic stack
1856,prefix sum
1855,array
1855,two pointers
1855,binary search
1855,greedy
1854,array
1854,counting
1850,two pointers
1850,string
1850,greedy
1851,array
1851,binary search
1851,line sweep
1851,sorting
1851,heap (priority queue)
1849,string
1849,backtracking
1848,array
1861,array
1861,two pointers
1861,matrix
1860,simulation
1859,string
1859,sorting
1840,array
1840,math
1839,string
1839,sliding window
1838,array
1838,binary search
1838,greedy
1838,sliding window
1838,sorting
1838,prefix sum
1837,math
1835,array
1835,math
1835,bit manipulation
1834,array
1834,sorting
1834,heap (priority queue)
1833,array
1833,greedy
1833,sorting
1832,hash table
1832,string
1847,array
1847,binary search
1847,sorting
1846,array
1846,greedy
1846,sorting
1845,design
1845,heap (priority queue)
1844,string
1825,design
1825,queue
1825,heap (priority queue)
1825,ordered set
1824,array
1824,dynamic programming
1824,greedy
1823,array
1823,math
1823,recursion
1823,queue
1823,simulation
1822,array
1822,math
1819,array
1819,math
1819,counting
1819,number theory
1818,array
1818,binary search
1818,sorting
1818,ordered set
1817,array
1817,hash table
1816,array
1816,string
1830,math
1830,string
1830,combinatorics
1829,array
1829,bit manipulation
1829,prefix sum
1828,array
1828,math
1828,geometry
1827,array
1827,greedy
1808,math
1808,recursion
1806,array
1806,math
1806,simulation
1807,array
1807,hash table
1807,string
1805,hash table
1805,string
1798,array
1798,greedy
1802,binary search
1802,greedy
1801,array
1801,heap (priority queue)
1801,simulation
1800,array
1814,array
1814,hash table
1814,math
1814,counting
1815,array
1815,dynamic programming
1815,bit manipulation
1815,memoization
1815,bitmask
1813,array
1813,two pointers
1813,string
1812,math
1812,string
1793,array
1793,two pointers
1793,binary search
1793,stack
1793,monotonic stack
1792,array
1792,greedy
1792,heap (priority queue)
1791,graph
1790,hash table
1790,string
1790,counting
1787,array
1787,dynamic programming
1787,bit manipulation
1786,dynamic programming
1786,graph
1786,topological sort
1786,heap (priority queue)
1786,shortest path
1785,array
1785,greedy
1784,string
1803,array
1803,bit manipulation
1803,trie
1799,array
1799,math
1799,dynamic programming
1799,backtracking
1799,bit manipulation
1799,number theory
1799,bitmask
1797,hash table
1797,design
1796,hash table
1796,string
1776,array
1776,math
1776,stack
1776,heap (priority queue)
1776,monotonic stack
1775,array
1775,hash table
1775,greedy
1775,counting
1774,array
1774,dynamic programming
1774,backtracking
1773,array
1773,string
1771,string
1771,dynamic programming
1770,array
1770,dynamic programming
1769,array
1769,string
1768,two pointers
1768,string
1782,two pointers
1782,binary search
1782,graph
1781,hash table
1781,string
1781,counting
1780,math
1779,array
1761,graph
1760,array
1760,binary search
1759,math
1759,string
1758,string
1755,array
1755,two pointers
1755,dynamic programming
1755,bit manipulation
1755,bitmask
1754,two pointers
1754,string
1754,greedy
1753,math
1753,greedy
1753,heap (priority queue)
1752,array
1765,array
1765,breadth-first search
1765,matrix
1766,math
1766,tree
1766,depth-first search
1766,breadth-first search
1764,array
1764,greedy
1764,string matching
1763,hash table
1763,string
1763,bit manipulation
1763,sliding window
1744,array
1744,prefix sum
1745,string
1745,dynamic programming
1743,array
1743,hash table
1739,math
1739,binary search
1739,greedy
1738,array
1738,divide and conquer
1738,bit manipulation
1738,heap (priority queue)
1738,matrix
1738,prefix sum
1738,quickselect
1737,hash table
1737,string
1737,counting
1737,prefix sum
1736,string
1736,greedy
1751,array
1751,binary search
1751,dynamic programming
1750,two pointers
1750,string
1749,array
1749,dynamic programming
1748,array
1748,hash table
1748,counting
1727,array
1727,greedy
1727,sorting
1727,matrix
1742,hash table
1742,math
1742,counting
1725,array
1722,array
1722,depth-first search
1722,union find
1720,array
1720,bit manipulation
1735,array
1735,math
1735,dynamic programming
1734,array
1734,bit manipulation
1733,array
1733,greedy
1732,array
1732,prefix sum
1713,array
1713,hash table
1713,binary search
1713,greedy
1712,array
1712,two pointers
1712,binary search
1712,prefix sum
1711,array
1711,hash table
1710,array
1710,greedy
1710,sorting
1707,array
1707,bit manipulation
1707,trie
1723,array
1723,dynamic programming
1723,backtracking
1723,bit manipulation
1723,bitmask
1705,array
1705,greedy
1705,heap (priority queue)
1704,string
1704,counting
1719,tree
1719,graph
1719,topological sort
1718,array
1718,backtracking
1717,string
1717,stack
1717,greedy
1716,math
1697,array
1697,union find
1697,graph
1697,sorting
1696,array
1696,dynamic programming
1696,queue
1696,sliding window
1696,heap (priority queue)
1696,monotonic queue
1695,array
1695,hash table
1695,sliding window
1694,string
1690,array
1690,math
1690,dynamic programming
1690,game theory
1689,string
1689,greedy
1688,math
1688,simulation
1703,array
1703,greedy
1703,sliding window
1703,prefix sum
1702,string
1702,greedy
1701,array
1701,simulation
1700,array
1700,stack
1700,queue
1700,simulation
1680,math
1680,bit manipulation
1680,simulation
1681,array
1681,dynamic programming
1681,bit manipulation
1681,bitmask
1679,array
1679,hash table
1679,two pointers
1679,sorting
1678,string
1675,array
1675,greedy
1675,heap (priority queue)
1675,ordered set
1674,array
1674,hash table
1674,prefix sum
1673,array
1673,stack
1673,greedy
1673,monotonic stack
1672,array
1672,matrix
1687,array
1687,dynamic programming
1687,segment tree
1687,queue
1687,heap (priority queue)
1687,monotonic queue
1686,array
1686,math
1686,greedy
1686,sorting
1686,heap (priority queue)
1686,game theory
1685,array
1685,math
1685,prefix sum
1684,array
1684,hash table
1684,string
1684,bit manipulation
1665,array
1665,greedy
1665,sorting
1664,array
1664,dynamic programming
1663,string
1663,greedy
1662,array
1662,string
1659,dynamic programming
1659,bit manipulation
1659,memoization
1659,bitmask
1657,hash table
1657,string
1657,sorting
1658,array
1658,hash table
1658,binary search
1658,sliding window
1658,prefix sum
1656,array
1656,hash table
1656,design
1656,data stream
1649,array
1649,binary search
1649,divide and conquer
1649,binary indexed tree
1649,segment tree
1649,merge sort
1649,ordered set
1648,array
1648,math
1648,binary search
1648,greedy
1648,sorting
1648,heap (priority queue)
1647,string
1647,greedy
1647,sorting
1646,array
1646,dynamic programming
1646,simulation
1670,array
1670,linked list
1670,design
1670,queue
1670,data stream
1671,array
1671,binary search
1671,dynamic programming
1671,greedy
1669,linked list
1668,string
1668,string matching
1642,array
1642,greedy
1642,heap (priority queue)
1641,dynamic programming
1640,array
1640,hash table
1655,array
1655,dynamic programming
1655,backtracking
1655,bit manipulation
1655,bitmask
1654,array
1654,dynamic programming
1654,breadth-first search
1653,string
1653,dynamic programming
1653,stack
1652,array
1631,array
1631,binary search
1631,depth-first search
1631,breadth-first search
1631,union find
1631,heap (priority queue)
1631,matrix
1630,array
1630,sorting
1629,array
1629,string
1626,array
1626,dynamic programming
1626,sorting
1625,string
1625,breadth-first search
1624,hash table
1624,string
1639,array
1639,string
1639,dynamic programming
1638,hash table
1638,string
1638,dynamic programming
1637,array
1637,sorting
1636,array
1636,hash table
1636,sorting
1617,dynamic programming
1617,bit manipulation
1617,tree
1617,enumeration
1617,bitmask
1616,two pointers
1616,string
1616,greedy
1615,graph
1614,string
1614,stack
1610,array
1610,math
1610,geometry
1610,sliding window
1610,sorting
1611,dynamic programming
1611,bit manipulation
1611,memoization
1609,tree
1609,breadth-first search
1609,binary tree
1608,array
1608,binary search
1608,sorting
1622,math
1622,design
1622,segment tree
1728,array
1728,math
1728,dynamic programming
1728,graph
1728,topological sort
1728,memoization
1728,matrix
1728,game theory
1620,array
1620,enumeration
1621,math
1621,dynamic programming
1601,array
1601,backtracking
1601,bit manipulation
1601,enumeration
1600,hash table
1600,tree
1600,depth-first search
1600,design
1599,array
1599,simulation
1598,array
1598,string
1598,stack
1595,array
1595,dynamic programming
1595,bit manipulation
1595,matrix
1595,bitmask
1594,array
1594,dynamic programming
1594,matrix
1593,hash table
1593,string
1593,backtracking
1592,string
1605,array
1605,greedy
1605,matrix
1606,array
1606,greedy
1606,heap (priority queue)
1606,ordered set
1604,array
1604,hash table
1604,string
1604,sorting
1603,design
1603,simulation
1603,counting
1585,string
1585,greedy
1585,sorting
1584,array
1584,union find
1584,minimum spanning tree
1583,array
1583,simulation
1582,array
1582,matrix
1579,union find
1579,graph
1578,array
1578,string
1578,dynamic programming
1578,greedy
1577,array
1577,hash table
1577,math
1577,two pointers
1576,string
1591,array
1591,graph
1591,topological sort
1591,matrix
1589,array
1589,greedy
1589,sorting
1589,prefix sum
1590,array
1590,hash table
1590,prefix sum
1588,array
1588,math
1588,prefix sum
1569,array
1569,math
1569,divide and conquer
1569,dynamic programming
1569,tree
1569,union find
1569,binary search tree
1569,memoization
1569,combinatorics
1569,binary tree
1568,array
1568,depth-first search
1568,breadth-first search
1568,matrix
1568,strongly connected component
1567,array
1567,dynamic programming
1567,greedy
1566,array
1566,enumeration
1563,array
1563,math
1563,dynamic programming
1563,game theory
1562,array
1562,binary search
1562,simulation
1561,array
1561,math
1561,greedy
1561,sorting
1561,game theory
1560,array
1560,simulation
1575,array
1575,dynamic programming
1575,memoization
1574,array
1574,two pointers
1574,binary search
1574,stack
1574,monotonic stack
1573,math
1573,string
1572,array
1572,matrix
1553,dynamic programming
1553,memoization
1552,array
1552,binary search
1552,sorting
1551,math
1547,array
1547,dynamic programming
1542,hash table
1542,string
1542,bit manipulation
1545,string
1545,recursion
1544,string
1544,stack
1559,array
1559,depth-first search
1559,breadth-first search
1559,union find
1559,matrix
1558,array
1558,greedy
1557,graph
1556,string
1537,array
1537,two pointers
1537,dynamic programming
1537,greedy
1536,array
1536,greedy
1536,matrix
1535,array
1535,simulation
1534,array
1534,enumeration
1530,tree
1530,depth-first search
1530,binary tree
1529,string
1529,greedy
1528,array
1528,string
1546,array
1546,hash table
1546,greedy
1546,prefix sum
1541,string
1541,stack
1541,greedy
1540,hash table
1540,string
1539,array
1539,binary search
1521,array
1521,binary search
1521,bit manipulation
1521,segment tree
1520,string
1520,greedy
1519,hash table
1519,tree
1519,depth-first search
1519,breadth-first search
1519,counting
1518,math
1518,simulation
1515,math
1515,geometry
1515,randomized
1531,string
1531,dynamic programming
1513,math
1513,string
1512,array
1512,hash table
1512,math
1512,counting
1526,array
1526,dynamic programming
1526,stack
1526,greedy
1526,monotonic stack
1525,string
1525,dynamic programming
1525,bit manipulation
1524,array
1524,math
1524,dynamic programming
1524,prefix sum
1523,math
1505,string
1505,greedy
1505,binary indexed tree
1505,segment tree
1504,array
1504,dynamic programming
1504,stack
1504,matrix
1504,monotonic stack
1503,array
1503,brainteaser
1503,simulation
1502,array
1502,sorting
1499,array
1499,queue
1499,sliding window
1499,heap (priority queue)
1499,monotonic queue
1498,array
1498,two pointers
1498,binary search
1498,sorting
1497,array
1497,hash table
1497,counting
1496,hash table
1496,string
1510,math
1510,dynamic programming
1510,game theory
1509,array
1509,greedy
1509,sorting
1508,array
1508,two pointers
1508,binary search
1508,sorting
1489,union find
1489,graph
1489,sorting
1489,minimum spanning tree
1489,strongly connected component
1488,array
1488,hash table
1488,binary search
1488,greedy
1488,heap (priority queue)
1487,array
1487,hash table
1487,string
1486,math
1486,bit manipulation
1482,array
1482,binary search
1481,array
1481,hash table
1481,greedy
1481,sorting
1481,counting
1480,array
1480,prefix sum
1494,dynamic programming
1494,bit manipulation
1494,graph
1494,bitmask
1493,math
1493,dynamic programming
1493,sliding window
1492,math
1491,array
1491,sorting
1473,array
1473,dynamic programming
1472,array
1472,linked list
1472,stack
1472,design
1472,doubly-linked list
1472,data stream
1471,array
1471,two pointers
1471,sorting
1470,array
1467,math
1467,dynamic programming
1467,backtracking
1467,combinatorics
1467,probability and statistics
1466,depth-first search
1466,breadth-first search
1466,graph
1465,array
1465,greedy
1465,sorting
1464,array
1464,sorting
1464,heap (priority queue)
1477,array
1477,hash table
1477,binary search
1477,dynamic programming
1477,sliding window
1476,array
1476,design
1476,matrix
1478,array
1478,math
1478,dynamic programming
1478,sorting
1475,array
1475,stack
1475,monotonic stack
1458,array
1458,dynamic programming
1457,bit manipulation
1457,tree
1457,depth-first search
1457,breadth-first search
1457,binary tree
1456,string
1456,sliding window
1455,string
1455,string matching
1453,array
1453,math
1453,geometry
1452,array
1452,hash table
1452,string
1451,string
1451,sorting
1450,array
1463,array
1463,dynamic programming
1463,matrix
1462,depth-first search
1462,breadth-first search
1462,graph
1462,topological sort
1461,hash table
1461,string
1461,bit manipulation
1461,rolling hash
1461,hash function
1460,array
1460,hash table
1460,sorting
1444,array
1444,dynamic programming
1444,memoization
1444,matrix
1443,hash table
1443,tree
1443,depth-first search
1443,breadth-first search
1442,array
1442,hash table
1442,math
1442,bit manipulation
1442,prefix sum
1441,array
1441,stack
1441,simulation
1439,array
1439,binary search
1439,heap (priority queue)
1439,matrix
1438,array
1438,queue
1438,sliding window
1438,heap (priority queue)
1438,ordered set
1438,monotonic queue
1437,array
1436,hash table
1436,string
1449,array
1449,dynamic programming
1448,tree
1448,depth-first search
1448,breadth-first search
1448,binary tree
1447,math
1447,string
1447,number theory
1446,string
1424,array
1424,sorting
1424,heap (priority queue)
1423,array
1423,sliding window
1423,prefix sum
1422,string
1420,dynamic programming
1419,string
1419,counting
1418,array
1418,hash table
1418,string
1418,sorting
1418,ordered set
1417,string
1434,array
1434,dynamic programming
1434,bit manipulation
1434,bitmask
1433,string
1433,greedy
1433,sorting
1432,math
1432,greedy
1431,array
1411,dynamic programming
1410,hash table
1410,string
1409,array
1409,binary indexed tree
1409,simulation
1408,string
1408,string matching
1406,array
1406,math
1406,dynamic programming
1406,game theory
1404,string
1404,bit manipulation
1403,array
1403,greedy
1403,sorting
1416,string
1416,dynamic programming
1415,string
1415,backtracking
1414,greedy
1413,array
1413,prefix sum
1397,string
1397,dynamic programming
1397,string matching
1396,hash table
1396,string
1396,design
1395,array
1395,dynamic programming
1395,binary indexed tree
1394,array
1394,hash table
1394,counting
1392,string
1392,rolling hash
1392,string matching
1392,hash function
1391,array
1391,depth-first search
1391,breadth-first search
1391,union find
1391,matrix
1389,array
1389,simulation
1402,array
1402,dynamic programming
1402,greedy
1402,sorting
1400,hash table
1400,string
1400,greedy
1400,counting
1401,math
1401,geometry
1399,hash table
1399,math
1383,array
1383,greedy
1383,sorting
1383,heap (priority queue)
1379,tree
1379,depth-first search
1379,breadth-first search
1379,binary tree
1381,array
1381,stack
1381,design
1380,array
1380,matrix
1377,tree
1377,depth-first search
1377,breadth-first search
1377,graph
1376,tree
1376,depth-first search
1376,breadth-first search
1375,array
1374,string
1388,array
1388,dynamic programming
1388,greedy
1388,heap (priority queue)
1387,dynamic programming
1387,memoization
1387,sorting
1386,array
1386,hash table
1386,greedy
1386,bit manipulation
1385,array
1385,two pointers
1385,binary search
1385,sorting
1368,array
1368,breadth-first search
1368,graph
1368,heap (priority queue)
1368,matrix
1368,shortest path
1367,linked list
1367,tree
1367,depth-first search
1367,breadth-first search
1367,binary tree
1366,array
1366,hash table
1366,string
1366,sorting
1366,counting
1365,array
1365,hash table
1365,sorting
1365,counting
1354,array
1354,heap (priority queue)
1353,array
1353,greedy
1353,heap (priority queue)
1352,array
1352,math
1352,design
1352,queue
1352,data stream
1351,array
1351,binary search
1351,matrix
1373,dynamic programming
1373,tree
1373,depth-first search
1373,binary search tree
1373,binary tree
1372,dynamic programming
1372,tree
1372,depth-first search
1372,binary tree
1371,hash table
1371,string
1371,bit manipulation
1371,prefix sum
1370,hash table
1370,string
1370,counting
1349,array
1349,dynamic programming
1349,bit manipulation
1349,matrix
1349,bitmask
1348,hash table
1348,binary search
1348,design
1348,sorting
1348,ordered set
1347,hash table
1347,string
1347,counting
1346,array
1346,hash table
1346,two pointers
1346,binary search
1346,sorting
1340,array
1340,dynamic programming
1340,sorting
1339,tree
1339,depth-first search
1339,binary tree
1338,array
1338,hash table
1338,greedy
1338,sorting
1338,heap (priority queue)
1337,array
1337,binary search
1337,sorting
1337,heap (priority queue)
1337,matrix
1359,math
1359,dynamic programming
1359,combinatorics
1358,hash table
1358,string
1358,sliding window
1357,array
1357,hash table
1357,design
1356,array
1356,bit manipulation
1356,sorting
1356,counting
1335,array
1335,dynamic programming
1334,dynamic programming
1334,graph
1334,shortest path
1333,array
1333,sorting
1332,two pointers
1332,string
1326,array
1326,dynamic programming
1326,greedy
1325,tree
1325,depth-first search
1325,binary tree
1324,array
1324,string
1324,simulation
1323,math
1323,greedy
1345,array
1345,hash table
1345,breadth-first search
1344,math
1343,array
1343,sliding window
1342,math
1342,bit manipulation
1320,string
1320,dynamic programming
1319,depth-first search
1319,breadth-first search
1319,union find
1319,graph
1318,bit manipulation
1317,math
1312,string
1312,dynamic programming
1311,array
1311,hash table
1311,breadth-first search
1311,sorting
1310,array
1310,bit manipulation
1310,prefix sum
1309,string
2227,array
2227,hash table
2227,string
2227,design
2227,trie
2192,depth-first search
2192,breadth-first search
2192,graph
2192,topological sort
2269,math
2269,string
2269,sliding window
1307,array
1307,math
1307,string
1307,backtracking
1306,array
1306,depth-first search
1306,breadth-first search
1305,tree
1305,depth-first search
1305,binary search tree
1305,sorting
1305,binary tree
1304,array
1304,math
1298,array
1298,breadth-first search
1297,hash table
1297,string
1297,sliding window
1296,array
1296,hash table
1296,greedy
1296,sorting
1295,array
2305,array
2305,dynamic programming
2305,backtracking
2305,bit manipulation
2305,bitmask
1293,array
1293,breadth-first search
1293,matrix
1292,array
1292,binary search
1292,matrix
1292,prefix sum
1290,linked list
1290,math
1284,array
1284,bit manipulation
1284,breadth-first search
1284,matrix
1283,array
1283,binary search
1282,array
1282,hash table
1281,math
1278,string
1278,dynamic programming
1277,array
1277,dynamic programming
1277,matrix
1276,math
1275,array
1275,hash table
1275,matrix
1275,simulation
1269,dynamic programming
1268,array
1268,string
1268,trie
1267,array
1267,depth-first search
1267,breadth-first search
1267,union find
1267,matrix
1267,counting
1266,array
1266,math
1266,geometry
2304,array
2304,dynamic programming
2304,matrix
2218,array
2218,dynamic programming
2218,prefix sum
2215,array
2215,hash table
1263,array
1263,breadth-first search
1263,heap (priority queue)
1263,matrix
1262,array
1262,dynamic programming
1262,greedy
1261,hash table
1261,tree
1261,depth-first search
1261,breadth-first search
1261,design
1261,binary tree
1260,array
1260,matrix
1260,simulation
2303,array
2303,simulation
1255,array
1255,string
1255,dynamic programming
1255,backtracking
1255,bit manipulation
1255,bitmask
1254,array
1254,depth-first search
1254,breadth-first search
1254,union find
1254,matrix
1253,array
1253,greedy
1253,matrix
1252,array
1252,math
1252,simulation
2312,backtracking
2217,array
2217,math
1250,array
1250,math
1250,number theory
1249,string
1249,stack
1248,array
1248,hash table
1248,math
1248,sliding window
1247,math
1247,string
1247,greedy
1691,array
1691,dynamic programming
1691,sorting
1726,array
1726,hash table
2309,array
1227,math
1227,dynamic programming
1227,brainteaser
1227,probability and statistics
1240,dynamic programming
1240,backtracking
1239,array
1239,string
1239,backtracking
1239,bit manipulation
1238,math
1238,backtracking
1238,bit manipulation
1237,math
1237,two pointers
1237,binary search
1237,interactive
2193,two pointers
2193,string
2193,greedy
2193,binary indexed tree
2216,array
2216,stack
2216,greedy
2225,array
2225,hash table
2225,sorting
2225,counting
2273,array
2273,hash table
2273,string
2273,sorting
1235,array
1235,binary search
1235,dynamic programming
1235,sorting
1234,string
1234,sliding window
1233,array
1233,string
1233,trie
1232,array
1232,math
1232,geometry
2202,array
2202,greedy
1224,array
1224,hash table
1223,array
1223,dynamic programming
1222,array
1222,matrix
1222,simulation
1221,string
1221,greedy
1221,counting
1206,linked list
1206,design
1960,string
1960,rolling hash
1960,hash function
2226,array
2226,binary search
2310,math
2191,array
2191,sorting
1220,dynamic programming
1219,array
1219,backtracking
1219,matrix
1218,array
1218,hash table
1218,dynamic programming
1217,array
1217,math
1217,greedy
1862,array
1862,math
1862,binary search
1862,prefix sum
1514,graph
1514,heap (priority queue)
1514,shortest path
1706,array
1706,dynamic programming
1706,depth-first search
1706,matrix
1706,simulation
1210,array
1210,breadth-first search
1210,matrix
1208,string
1208,binary search
1208,sliding window
1208,prefix sum
1209,string
1209,stack
1207,array
1207,hash table
1916,math
1916,dynamic programming
1916,tree
1916,graph
1916,topological sort
1916,combinatorics
2201,array
2201,hash table
2201,simulation
1895,array
1895,matrix
1895,prefix sum
2079,array
1203,depth-first search
1203,breadth-first search
1203,graph
1203,topological sort
1202,hash table
1202,string
1202,depth-first search
1202,breadth-first search
1202,union find
1201,math
1201,binary search
1201,number theory
1200,array
1200,sorting
1944,array
1944,stack
1944,monotonic stack
1405,string
1405,greedy
1405,heap (priority queue)
2139,math
2139,greedy
1957,string
1192,depth-first search
1192,graph
1192,biconnected component
1191,array
1191,dynamic programming
1190,string
1190,stack
1189,hash table
1189,string
1189,counting
1483,binary search
1483,dynamic programming
1483,tree
1483,depth-first search
1483,breadth-first search
1483,design
1954,math
1954,binary search
2080,array
2080,hash table
2080,binary search
2080,design
2080,segment tree
1550,array
1187,array
1187,binary search
1187,dynamic programming
1185,math
1186,array
1186,dynamic programming
1184,array
1425,array
1425,dynamic programming
1425,queue
1425,sliding window
1425,heap (priority queue)
1425,monotonic queue
1382,divide and conquer
1382,greedy
1382,tree
1382,depth-first search
1382,binary search tree
1382,binary tree
1390,array
1390,math
1507,string
1178,array
1178,hash table
1178,string
1178,bit manipulation
1178,trie
1177,hash table
1177,string
1177,bit manipulation
1177,prefix sum
1175,math
1363,array
1363,dynamic programming
1363,greedy
1362,math
1361,tree
1361,depth-first search
1361,breadth-first search
1361,union find
1361,graph
1361,binary tree
1360,math
1360,string
1170,array
1170,hash table
1170,string
1170,binary search
1170,sorting
1169,array
1169,hash table
1169,string
1169,sorting
1172,hash table
1172,stack
1172,design
1172,heap (priority queue)
1171,hash table
1171,linked list
1935,hash table
1935,string
1155,dynamic programming
1157,array
1157,binary search
1157,design
1157,binary indexed tree
1157,segment tree
1156,string
1156,sliding window
1154,math
1154,string
1632,array
1632,greedy
1632,union find
1632,graph
1632,topological sort
1632,matrix
1331,array
1331,hash table
1331,sorting
1330,array
1330,math
1330,greedy
1302,tree
1302,depth-first search
1302,breadth-first search
1302,binary tree
1329,array
1329,sorting
1329,matrix
1328,string
1328,greedy
1147,two pointers
1147,string
1147,dynamic programming
1147,greedy
1147,rolling hash
1147,hash function
1143,string
1143,dynamic programming
1146,array
1146,hash table
1146,binary search
1146,design
1145,tree
1145,depth-first search
1145,binary tree
1144,array
1144,greedy
1316,string
1316,dynamic programming
1316,trie
1316,sliding window
1316,rolling hash
1316,hash function
1315,tree
1315,depth-first search
1315,breadth-first search
1315,binary tree
1314,array
1314,matrix
1314,prefix sum
1313,array
1140,array
1140,math
1140,dynamic programming
1140,game theory
1139,array
1139,dynamic programming
1139,matrix
1138,hash table
1138,string
1137,math
1137,dynamic programming
1137,memoization
1301,array
1301,dynamic programming
1301,matrix
1300,array
1300,binary search
1300,sorting
1299,array
1131,array
1131,math
1129,breadth-first search
1129,graph
1130,dynamic programming
1130,stack
1130,greedy
1130,monotonic stack
1128,array
1128,hash table
1128,counting
1289,array
1289,dynamic programming
1289,matrix
1627,array
1627,math
1627,union find
1288,array
1288,sorting
1287,array
1125,array
1125,dynamic programming
1125,bit manipulation
1125,bitmask
1124,array
1124,hash table
1124,stack
1124,monotonic stack
1124,prefix sum
1123,hash table
1123,tree
1123,depth-first search
1123,breadth-first search
1123,binary tree
1122,array
1122,hash table
1122,sorting
1122,counting sort
1291,enumeration
1286,string
1286,backtracking
1286,design
1286,iterator
1619,array
1619,sorting
1111,string
1111,stack
1110,tree
1110,depth-first search
1110,binary tree
1109,array
1109,prefix sum
1108,string
1106,string
1106,stack
1106,recursion
1105,array
1105,dynamic programming
1103,math
1103,simulation
1104,math
1104,tree
1104,binary tree
1096,string
1096,backtracking
1096,stack
1096,breadth-first search
1095,array
1095,binary search
1095,interactive
1094,array
1094,sorting
1094,heap (priority queue)
1094,simulation
1094,prefix sum
1093,math
1093,two pointers
1093,probability and statistics
1091,array
1091,breadth-first search
1091,matrix
1092,string
1092,dynamic programming
1090,array
1090,hash table
1090,greedy
1090,sorting
1090,counting
1089,array
1089,two pointers
1079,string
1079,backtracking
1081,string
1081,stack
1081,greedy
1081,monotonic stack
1080,tree
1080,depth-first search
1080,binary tree
1078,string
1073,array
1073,math
1072,array
1072,hash table
1072,matrix
1071,math
1071,string
1074,array
1074,hash table
1074,matrix
1074,prefix sum
1054,array
1054,hash table
1054,greedy
1054,sorting
1054,heap (priority queue)
1054,counting
1053,array
1053,greedy
1052,array
1052,sliding window
1051,array
1051,sorting
1051,counting sort
1163,two pointers
1163,string
1049,array
1049,dynamic programming
1048,array
1048,hash table
1048,two pointers
1048,string
1048,dynamic programming
1047,string
1047,stack
1046,array
1046,heap (priority queue)
1044,string
1044,binary search
1044,sliding window
1044,rolling hash
1044,suffix array
1044,hash function
1043,array
1043,dynamic programming
1042,depth-first search
1042,breadth-first search
1042,graph
1041,math
1041,string
1041,simulation
1162,array
1162,dynamic programming
1162,breadth-first search
1162,matrix
1161,tree
1161,depth-first search
1161,breadth-first search
1161,binary tree
1037,array
1037,math
1037,geometry
1038,tree
1038,depth-first search
1038,binary search tree
1038,binary tree
1040,array
1040,math
1040,two pointers
1040,sorting
1160,array
1160,hash table
1160,string
1039,array
1039,dynamic programming
1036,array
1036,hash table
1036,depth-first search
1036,breadth-first search
1035,array
1035,dynamic programming
1034,array
1034,depth-first search
1034,breadth-first search
1034,matrix
1033,math
1033,brainteaser
1032,array
1032,string
1032,design
1032,trie
1032,data stream
1031,array
1031,dynamic programming
1031,sliding window
1029,array
1029,greedy
1029,sorting
1030,array
1030,math
1030,geometry
1030,sorting
1030,matrix
1028,string
1028,tree
1028,depth-first search
1028,binary tree
1026,tree
1026,depth-first search
1026,binary tree
1027,array
1027,hash table
1027,binary search
1027,dynamic programming
1025,math
1025,dynamic programming
1025,brainteaser
1025,game theory
1024,array
1024,dynamic programming
1024,greedy
1023,two pointers
1023,string
1023,trie
1023,string matching
1022,tree
1022,depth-first search
1022,binary tree
1021,string
1021,stack
1020,array
1020,depth-first search
1020,breadth-first search
1020,union find
1020,matrix
1019,array
1019,linked list
1019,stack
1019,monotonic stack
1018,array
1017,math
1016,string
1015,hash table
1015,math
1014,array
1014,dynamic programming
1013,array
1013,greedy
1012,math
1012,dynamic programming
1011,array
1011,binary search
1010,array
1010,hash table
1010,counting
1009,bit manipulation
1008,array
1008,stack
1008,tree
1008,binary search tree
1008,monotonic stack
1008,binary tree
1007,array
1007,greedy
1006,math
1006,stack
1006,simulation
1005,array
1005,greedy
1005,sorting
1004,array
1004,binary search
1004,sliding window
1004,prefix sum
1003,string
1003,stack
1002,array
1002,hash table
1002,string
1001,array
1001,hash table
1000,array
1000,dynamic programming
999,array
999,matrix
999,simulation
998,tree
998,binary tree
997,array
997,hash table
997,graph
996,array
996,math
996,dynamic programming
996,backtracking
996,bit manipulation
996,bitmask
995,array
995,bit manipulation
995,sliding window
995,prefix sum
994,array
994,breadth-first search
994,matrix
993,tree
993,depth-first search
993,breadth-first search
993,binary tree
992,array
992,hash table
992,sliding window
992,counting
991,math
991,greedy
990,array
990,string
990,union find
990,graph
989,array
989,math
988,string
988,tree
988,depth-first search
988,binary tree
987,hash table
987,tree
987,depth-first search
987,breadth-first search
987,binary tree
986,array
986,two pointers
985,array
985,simulation
984,string
984,greedy
983,array
983,dynamic programming
982,array
982,hash table
982,bit manipulation
981,hash table
981,string
981,binary search
981,design
980,array
980,backtracking
980,bit manipulation
980,matrix
979,tree
979,depth-first search
979,binary tree
978,array
978,dynamic programming
978,sliding window
977,array
977,two pointers
977,sorting
976,array
976,math
976,greedy
976,sorting
975,array
975,dynamic programming
975,stack
975,monotonic stack
975,ordered set
974,array
974,hash table
974,prefix sum
973,array
973,math
973,divide and conquer
973,geometry
973,sorting
973,heap (priority queue)
973,quickselect
509,math
509,dynamic programming
509,recursion
509,memoization
972,math
972,string
971,tree
971,depth-first search
971,binary tree
970,hash table
970,math
969,array
969,two pointers
969,greedy
969,sorting
968,dynamic programming
968,tree
968,depth-first search
968,binary tree
967,backtracking
967,breadth-first search
966,array
966,hash table
966,string
965,tree
965,depth-first search
965,breadth-first search
965,binary tree
964,math
964,dynamic programming
963,array
963,math
963,geometry
962,array
962,stack
962,monotonic stack
961,array
961,hash table
960,array
960,string
960,dynamic programming
959,depth-first search
959,breadth-first search
959,union find
959,graph
958,tree
958,breadth-first search
958,binary tree
957,array
957,hash table
957,math
957,bit manipulation
956,array
956,dynamic programming
955,array
955,string
955,greedy
954,array
954,hash table
954,greedy
954,sorting
953,array
953,hash table
953,string
952,array
952,math
952,union find
951,tree
951,depth-first search
951,binary tree
950,array
950,queue
950,sorting
950,simulation
949,string
949,enumeration
948,array
948,two pointers
948,greedy
948,sorting
947,depth-first search
947,union find
947,graph
946,array
946,stack
946,simulation
945,array
945,greedy
945,sorting
945,counting
944,array
944,string
943,array
943,string
943,dynamic programming
943,bit manipulation
943,bitmask
942,array
942,math
942,two pointers
942,string
942,greedy
941,array
940,string
940,dynamic programming
939,array
939,hash table
939,math
939,geometry
939,sorting
938,tree
938,depth-first search
938,binary search tree
938,binary tree
937,array
937,string
937,sorting
936,string
936,stack
936,greedy
936,queue
935,dynamic programming
934,array
934,depth-first search
934,breadth-first search
934,matrix
933,design
933,queue
933,data stream
932,array
932,math
932,divide and conquer
931,array
931,dynamic programming
931,matrix
930,array
930,hash table
930,sliding window
930,prefix sum
929,array
929,hash table
929,string
928,array
928,depth-first search
928,breadth-first search
928,union find
928,matrix
927,array
927,math
926,string
926,dynamic programming
925,two pointers
925,string
924,array
924,depth-first search
924,breadth-first search
924,union find
924,matrix
923,array
923,hash table
923,two pointers
923,sorting
923,counting
922,array
922,two pointers
922,sorting
921,string
921,stack
921,greedy
920,math
920,dynamic programming
920,combinatorics
919,tree
919,breadth-first search
919,design
919,binary tree
918,array
918,divide and conquer
918,dynamic programming
918,queue
918,monotonic queue
917,two pointers
917,string
916,array
916,hash table
916,string
915,array
914,array
914,hash table
914,math
914,counting
914,number theory
913,math
913,dynamic programming
913,graph
913,topological sort
913,memoization
913,game theory
912,array
912,divide and conquer
912,sorting
912,heap (priority queue)
912,merge sort
912,bucket sort
912,radix sort
912,counting sort
911,array
911,hash table
911,binary search
911,design
910,array
910,math
910,greedy
910,sorting
909,array
909,breadth-first search
909,matrix
908,array
908,math
907,array
907,dynamic programming
907,stack
907,monotonic stack
906,math
906,enumeration
905,array
905,two pointers
905,sorting
904,array
904,hash table
904,sliding window
903,dynamic programming
902,array
902,math
902,binary search
902,dynamic programming
901,stack
901,design
901,monotonic stack
901,data stream
900,array
900,design
900,counting
900,iterator
899,math
899,string
899,sorting
898,array
898,dynamic programming
898,bit manipulation
897,stack
897,tree
897,depth-first search
897,binary search tree
897,binary tree
896,array
895,hash table
895,stack
895,design
895,ordered set
894,dynamic programming
894,tree
894,recursion
894,memoization
894,binary tree
893,array
893,hash table
893,string
892,array
892,math
892,geometry
892,matrix
891,array
891,math
891,sorting
890,array
890,hash table
890,string
889,array
889,hash table
889,divide and conquer
889,tree
889,binary tree
888,array
888,hash table
888,binary search
888,sorting
887,math
887,binary search
887,dynamic programming
886,depth-first search
886,breadth-first search
886,union find
886,graph
885,array
885,matrix
885,simulation
884,hash table
884,string
883,array
883,math
883,geometry
883,matrix
882,graph
882,heap (priority queue)
882,shortest path
881,array
881,two pointers
881,greedy
881,sorting
880,string
880,stack
478,math
478,geometry
478,rejection sampling
478,randomized
497,math
497,binary search
497,reservoir sampling
497,prefix sum
497,ordered set
497,randomized
519,hash table
519,math
519,reservoir sampling
519,randomized
528,math
528,binary search
528,prefix sum
528,randomized
879,array
879,dynamic programming
878,math
878,binary search
877,array
877,math
877,dynamic programming
877,game theory
876,linked list
876,two pointers
875,array
875,binary search
874,array
874,simulation
873,array
873,hash table
873,dynamic programming
872,tree
872,depth-first search
872,binary tree
470,math
470,rejection sampling
470,randomized
470,probability and statistics
871,array
871,dynamic programming
871,greedy
871,heap (priority queue)
870,array
870,greedy
870,sorting
869,math
869,sorting
869,counting
869,enumeration
868,bit manipulation
867,array
867,matrix
867,simulation
866,math
865,hash table
865,tree
865,depth-first search
865,breadth-first search
865,binary tree
864,bit manipulation
864,breadth-first search
710,hash table
710,math
710,binary search
710,sorting
710,randomized
863,tree
863,depth-first search
863,breadth-first search
863,binary tree
862,array
862,binary search
862,queue
862,sliding window
862,heap (priority queue)
862,prefix sum
862,monotonic queue
861,array
861,greedy
861,bit manipulation
861,matrix
860,array
860,greedy
859,hash table
859,string
858,math
858,geometry
857,array
857,greedy
857,sorting
857,heap (priority queue)
856,string
856,stack
855,design
855,ordered set
854,string
854,breadth-first search
853,array
853,stack
853,sorting
853,monotonic stack
852,array
852,binary search
851,array
851,depth-first search
851,graph
851,topological sort
850,array
850,segment tree
850,line sweep
850,ordered set
849,array
848,array
848,string
847,dynamic programming
847,bit manipulation
847,breadth-first search
847,graph
847,bitmask
846,array
846,hash table
846,greedy
846,sorting
845,array
845,two pointers
845,dynamic programming
845,enumeration
844,two pointers
844,string
844,stack
844,simulation
843,array
843,math
843,string
843,interactive
843,game theory
842,string
842,backtracking
841,depth-first search
841,breadth-first search
841,graph
840,array
840,math
840,matrix
839,array
839,string
839,depth-first search
839,breadth-first search
839,union find
838,two pointers
838,string
838,dynamic programming
837,math
837,dynamic programming
837,sliding window
837,probability and statistics
836,math
836,geometry
835,array
835,matrix
834,dynamic programming
834,tree
834,depth-first search
834,graph
833,array
833,string
833,sorting
832,array
832,two pointers
832,matrix
832,simulation
622,array
622,linked list
622,design
622,queue
641,array
641,linked list
641,design
641,queue
831,string
830,string
829,math
829,enumeration
828,hash table
828,string
828,dynamic programming
827,array
827,depth-first search
827,breadth-first search
827,union find
827,matrix
826,array
826,two pointers
826,binary search
826,greedy
826,sorting
825,array
825,two pointers
825,binary search
825,sorting
824,string
823,array
823,hash table
823,dynamic programming
822,array
822,hash table
821,array
821,two pointers
821,string
820,array
820,hash table
820,string
820,trie
707,linked list
707,design
819,hash table
819,string
819,counting
818,dynamic programming
817,hash table
817,linked list
816,string
816,backtracking
815,array
815,hash table
815,breadth-first search
814,tree
814,depth-first search
814,binary tree
813,array
813,dynamic programming
812,array
812,math
812,geometry
811,array
811,hash table
811,string
811,counting
810,array
810,math
810,bit manipulation
810,brainteaser
810,game theory
809,array
809,two pointers
809,string
808,math
808,dynamic programming
808,probability and statistics
807,array
807,greedy
807,matrix
806,array
806,string
805,array
805,math
805,dynamic programming
805,bit manipulation
805,bitmask
804,array
804,hash table
804,string
803,array
803,union find
803,matrix
802,depth-first search
802,breadth-first search
802,graph
802,topological sort
801,array
801,dynamic programming
706,array
706,hash table
706,linked list
706,design
706,hash function
705,array
705,hash table
705,linked list
705,design
705,hash function
799,dynamic programming
798,array
798,prefix sum
797,backtracking
797,depth-first search
797,breadth-first search
797,graph
796,string
796,string matching
795,array
795,two pointers
794,array
794,string
793,math
793,binary search
792,hash table
792,string
792,trie
792,sorting
791,hash table
791,string
791,sorting
790,dynamic programming
789,array
789,math
788,math
788,dynamic programming
787,dynamic programming
787,depth-first search
787,breadth-first search
787,graph
787,heap (priority queue)
787,shortest path
786,array
786,binary search
786,heap (priority queue)
785,depth-first search
785,breadth-first search
785,union find
785,graph
784,string
784,backtracking
784,bit manipulation
783,tree
783,depth-first search
783,breadth-first search
783,binary search tree
783,binary tree
782,array
782,math
782,bit manipulation
782,matrix
781,array
781,hash table
781,math
781,greedy
780,math
779,math
779,bit manipulation
779,recursion
778,array
778,binary search
778,depth-first search
778,breadth-first search
778,union find
778,heap (priority queue)
778,matrix
777,two pointers
777,string
704,array
704,binary search
775,array
775,math
703,tree
703,design
703,binary search tree
703,heap (priority queue)
703,binary tree
703,data stream
773,array
773,breadth-first search
773,matrix
701,tree
701,binary search tree
701,binary tree
700,tree
700,binary search tree
700,binary tree
771,hash table
771,string
770,hash table
770,math
770,string
770,stack
770,recursion
769,array
769,stack
769,greedy
769,sorting
769,monotonic stack
768,array
768,stack
768,greedy
768,sorting
768,monotonic stack
767,hash table
767,string
767,greedy
767,sorting
767,heap (priority queue)
767,counting
766,array
766,matrix
590,stack
590,tree
590,depth-first search
589,stack
589,tree
589,depth-first search
559,tree
559,depth-first search
559,breadth-first search
558,divide and conquer
558,tree
427,array
427,divide and conquer
427,tree
427,matrix
765,greedy
765,depth-first search
765,breadth-first search
765,union find
765,graph
764,array
764,dynamic programming
763,hash table
763,two pointers
763,string
763,greedy
762,math
762,bit manipulation
430,linked list
430,depth-first search
430,doubly-linked list
429,tree
429,breadth-first search
761,string
761,recursion
757,array
757,greedy
757,sorting
756,bit manipulation
756,depth-first search
756,breadth-first search
754,math
754,binary search
753,depth-first search
753,graph
753,eulerian circuit
752,array
752,hash table
752,string
752,breadth-first search
749,array
749,depth-first search
749,breadth-first search
749,matrix
749,simulation
748,array
748,hash table
748,string
747,array
747,sorting
746,array
746,dynamic programming
745,string
745,design
745,trie
744,array
744,binary search
743,depth-first search
743,breadth-first search
743,graph
743,heap (priority queue)
743,shortest path
709,string
741,array
741,dynamic programming
741,matrix
740,array
740,hash table
740,dynamic programming
739,array
739,stack
739,monotonic stack
738,math
738,greedy
736,hash table
736,string
736,stack
736,recursion
735,array
735,stack
733,array
733,depth-first search
733,breadth-first search
733,matrix
732,binary search
732,design
732,segment tree
732,ordered set
731,binary search
731,design
731,segment tree
731,ordered set
730,string
730,dynamic programming
729,binary search
729,design
729,segment tree
729,ordered set
728,math
726,hash table
726,string
726,stack
726,sorting
725,linked list
724,array
724,prefix sum
722,array
722,string
721,array
721,string
721,depth-first search
721,breadth-first search
721,union find
720,array
720,hash table
720,string
720,trie
720,sorting
719,array
719,two pointers
719,binary search
719,sorting
718,array
718,binary search
718,dynamic programming
718,sliding window
718,rolling hash
718,hash function
717,array
715,design
715,segment tree
715,ordered set
714,array
714,dynamic programming
714,greedy
713,array
713,sliding window
712,string
712,dynamic programming
699,array
699,segment tree
699,ordered set
698,array
698,dynamic programming
698,backtracking
698,bit manipulation
698,memoization
698,bitmask
697,array
697,hash table
696,two pointers
696,string
695,array
695,depth-first search
695,breadth-first search
695,union find
695,matrix
693,bit manipulation
692,hash table
692,string
692,trie
692,sorting
692,heap (priority queue)
692,bucket sort
692,counting
691,array
691,string
691,dynamic programming
691,backtracking
691,bit manipulation
691,bitmask
690,hash table
690,depth-first search
690,breadth-first search
689,array
689,dynamic programming
688,dynamic programming
687,tree
687,depth-first search
687,binary tree
686,string
686,string matching
685,depth-first search
685,breadth-first search
685,union find
685,graph
684,depth-first search
684,breadth-first search
684,union find
684,graph
682,array
682,stack
682,simulation
680,two pointers
680,string
680,greedy
679,array
679,math
679,backtracking
678,string
678,dynamic programming
678,stack
678,greedy
677,hash table
677,string
677,design
677,trie
676,hash table
676,string
676,design
676,trie
675,array
675,breadth-first search
675,heap (priority queue)
675,matrix
674,array
673,array
673,dynamic programming
673,binary indexed tree
673,segment tree
672,math
672,bit manipulation
672,depth-first search
672,breadth-first search
671,tree
671,depth-first search
671,binary tree
670,math
670,greedy
669,tree
669,depth-first search
669,binary search tree
669,binary tree
668,math
668,binary search
667,array
667,math
665,array
664,string
664,dynamic programming
662,tree
662,depth-first search
662,breadth-first search
662,binary tree
661,array
661,matrix
659,array
659,hash table
659,greedy
659,heap (priority queue)
658,array
658,two pointers
658,binary search
658,sorting
658,heap (priority queue)
657,string
657,simulation
655,tree
655,depth-first search
655,breadth-first search
655,binary tree
654,array
654,divide and conquer
654,stack
654,tree
654,monotonic stack
654,binary tree
653,hash table
653,two pointers
653,tree
653,depth-first search
653,breadth-first search
653,binary search tree
653,binary tree
652,hash table
652,tree
652,depth-first search
652,binary tree
650,math
650,dynamic programming
649,string
649,greedy
649,queue
648,array
648,hash table
648,string
648,trie
647,string
647,dynamic programming
646,array
646,dynamic programming
646,greedy
646,sorting
645,array
645,hash table
645,bit manipulation
645,sorting
643,array
643,sliding window
640,math
640,string
640,simulation
639,string
639,dynamic programming
638,array
638,dynamic programming
638,backtracking
638,bit manipulation
638,memoization
638,bitmask
637,tree
637,depth-first search
637,breadth-first search
637,binary tree
636,array
636,stack
633,math
633,two pointers
633,binary search
632,array
632,hash table
632,greedy
632,sliding window
632,sorting
632,heap (priority queue)
630,array
630,greedy
630,heap (priority queue)
629,dynamic programming
628,array
628,math
628,sorting
623,tree
623,depth-first search
623,breadth-first search
623,binary tree
621,array
621,hash table
621,greedy
621,sorting
621,heap (priority queue)
621,counting
617,tree
617,depth-first search
617,breadth-first search
617,binary tree
611,array
611,two pointers
611,binary search
611,greedy
611,sorting
609,array
609,hash table
609,string
606,string
606,tree
606,depth-first search
606,binary tree
605,array
605,greedy
600,dynamic programming
599,array
599,hash table
599,string
598,array
598,math
594,array
594,hash table
594,sorting
593,math
593,geometry
592,math
592,string
592,simulation
591,string
591,stack
587,array
587,math
587,geometry
583,string
583,dynamic programming
581,array
581,two pointers
581,stack
581,greedy
581,sorting
581,monotonic stack
576,dynamic programming
575,array
575,hash table
572,tree
572,depth-first search
572,string matching
572,binary tree
572,hash function
567,hash table
567,two pointers
567,string
567,sliding window
566,array
566,matrix
566,simulation
565,array
565,depth-first search
564,math
564,string
563,tree
563,depth-first search
563,binary tree
561,array
561,greedy
561,sorting
561,counting sort
560,array
560,hash table
560,prefix sum
557,two pointers
557,string
556,math
556,two pointers
556,string
554,array
554,hash table
553,array
553,math
553,dynamic programming
552,dynamic programming
551,string
547,depth-first search
547,breadth-first search
547,union find
547,graph
546,array
546,dynamic programming
546,memoization
543,tree
543,depth-first search
543,binary tree
542,array
542,dynamic programming
542,breadth-first search
542,matrix
541,two pointers
541,string
540,array
540,binary search
539,array
539,math
539,string
539,sorting
538,tree
538,depth-first search
538,binary search tree
538,binary tree
537,math
537,string
537,simulation
535,hash table
535,string
535,design
535,hash function
532,array
532,hash table
532,two pointers
532,binary search
532,sorting
530,tree
530,depth-first search
530,breadth-first search
530,binary search tree
530,binary tree
529,array
529,depth-first search
529,breadth-first search
529,matrix
1721,linked list
1721,two pointers
526,array
526,dynamic programming
526,backtracking
526,bit manipulation
526,bitmask
525,array
525,hash table
525,prefix sum
524,array
524,two pointers
524,string
524,sorting
523,array
523,hash table
523,math
523,prefix sum
522,array
522,hash table
522,two pointers
522,string
522,sorting
521,string
520,string
518,array
518,dynamic programming
517,array
517,greedy
516,string
516,dynamic programming
515,tree
515,depth-first search
515,breadth-first search
515,binary tree
514,string
514,dynamic programming
514,depth-first search
514,breadth-first search
513,tree
513,depth-first search
513,breadth-first search
513,binary tree
508,hash table
508,tree
508,depth-first search
508,binary tree
507,math
506,array
506,sorting
506,heap (priority queue)
504,math
503,array
503,stack
503,monotonic stack
502,array
502,greedy
502,sorting
502,heap (priority queue)
501,tree
501,depth-first search
501,binary search tree
501,binary tree
500,array
500,hash table
500,string
498,array
498,matrix
498,simulation
496,array
496,hash table
496,stack
496,monotonic stack
495,array
495,simulation
494,array
494,dynamic programming
494,backtracking
493,array
493,binary search
493,divide and conquer
493,binary indexed tree
493,segment tree
493,merge sort
493,ordered set
492,math
491,array
491,hash table
491,backtracking
491,bit manipulation
1643,array
1643,math
1643,dynamic programming
1643,combinatorics
488,string
488,dynamic programming
488,breadth-first search
488,memoization
486,array
486,math
486,dynamic programming
486,recursion
486,game theory
485,array
483,math
483,binary search
482,string
481,two pointers
481,string
480,array
480,hash table
480,sliding window
480,heap (priority queue)
479,math
477,array
477,math
477,bit manipulation
476,bit manipulation
475,array
475,two pointers
475,binary search
475,sorting
474,array
474,string
474,dynamic programming
473,array
473,dynamic programming
473,backtracking
473,bit manipulation
473,bitmask
472,array
472,string
472,dynamic programming
472,depth-first search
472,trie
468,string
467,string
467,dynamic programming
466,string
466,dynamic programming
464,math
464,dynamic programming
464,bit manipulation
464,memoization
464,game theory
464,bitmask
463,array
463,depth-first search
463,breadth-first search
463,matrix
462,array
462,math
462,sorting
461,bit manipulation
460,hash table
460,linked list
460,design
460,doubly-linked list
459,string
459,string matching
458,math
458,dynamic programming
458,combinatorics
457,array
457,hash table
457,two pointers
456,array
456,binary search
456,stack
456,monotonic stack
456,ordered set
455,array
455,greedy
455,sorting
454,array
454,hash table
453,array
453,math
452,array
452,greedy
452,sorting
451,hash table
451,string
451,sorting
451,heap (priority queue)
451,bucket sort
451,counting
450,tree
450,binary search tree
450,binary tree
449,string
449,tree
449,depth-first search
449,breadth-first search
449,design
449,binary search tree
449,binary tree
448,array
448,hash table
447,array
447,hash table
447,math
446,array
446,dynamic programming
445,linked list
445,math
445,stack
443,two pointers
443,string
442,array
442,hash table
441,math
441,binary search
440,trie
438,hash table
438,string
438,sliding window
437,tree
437,depth-first search
437,binary tree
436,array
436,binary search
436,sorting
435,array
435,dynamic programming
435,greedy
435,sorting
434,string
433,hash table
433,string
433,breadth-first search
432,hash table
432,linked list
432,design
432,doubly-linked list
424,hash table
424,string
424,sliding window
423,hash table
423,math
423,string
421,array
421,hash table
421,bit manipulation
421,trie
420,string
420,greedy
420,heap (priority queue)
419,array
419,depth-first search
419,matrix
417,array
417,depth-first search
417,breadth-first search
417,matrix
416,array
416,dynamic programming
415,math
415,string
415,simulation
414,array
414,sorting
413,array
413,dynamic programming
412,math
412,string
412,simulation
410,array
410,binary search
410,dynamic programming
410,greedy
409,hash table
409,string
409,greedy
407,array
407,breadth-first search
407,heap (priority queue)
407,matrix
406,array
406,greedy
406,binary indexed tree
406,segment tree
406,sorting
405,math
405,bit manipulation
404,tree
404,depth-first search
404,breadth-first search
404,binary tree
403,array
403,dynamic programming
402,string
402,stack
402,greedy
402,monotonic stack
401,backtracking
401,bit manipulation
400,math
400,binary search
399,array
399,depth-first search
399,breadth-first search
399,union find
399,graph
399,shortest path
398,hash table
398,math
398,reservoir sampling
398,randomized
397,dynamic programming
397,greedy
397,bit manipulation
397,memoization
396,array
396,math
396,dynamic programming
395,hash table
395,string
395,divide and conquer
395,sliding window
394,string
394,stack
394,recursion
393,array
393,bit manipulation
392,two pointers
392,string
392,dynamic programming
391,array
391,line sweep
390,math
390,recursion
389,hash table
389,string
389,bit manipulation
389,sorting
388,string
388,stack
388,depth-first search
387,hash table
387,string
387,queue
387,counting
386,depth-first search
386,trie
385,string
385,stack
385,depth-first search
384,array
384,math
384,randomized
383,hash table
383,string
383,counting
382,linked list
382,math
382,reservoir sampling
382,randomized
381,array
381,hash table
381,math
381,design
381,randomized
380,array
380,hash table
380,math
380,design
380,randomized
378,array
378,binary search
378,sorting
378,heap (priority queue)
378,matrix
377,array
377,dynamic programming
376,array
376,dynamic programming
376,greedy
375,math
375,dynamic programming
375,game theory
374,binary search
374,interactive
373,array
373,heap (priority queue)
372,math
372,divide and conquer
371,math
371,bit manipulation
368,array
368,math
368,dynamic programming
368,sorting
367,math
367,binary search
365,math
365,depth-first search
365,breadth-first search
363,array
363,binary search
363,dynamic programming
363,matrix
363,ordered set
357,math
357,dynamic programming
357,backtracking
355,hash table
355,linked list
355,design
355,heap (priority queue)
354,array
354,binary search
354,dynamic programming
354,sorting
352,binary search
352,design
352,ordered set
350,array
350,hash table
350,two pointers
350,binary search
350,sorting
349,array
349,hash table
349,two pointers
349,binary search
349,sorting
347,array
347,hash table
347,divide and conquer
347,sorting
347,heap (priority queue)
347,bucket sort
347,counting
347,quickselect
345,two pointers
345,string
344,two pointers
344,string
344,recursion
343,math
343,dynamic programming
342,math
342,bit manipulation
342,recursion
341,stack
341,tree
341,depth-first search
341,design
341,queue
341,iterator
338,dynamic programming
338,bit manipulation
337,dynamic programming
337,tree
337,depth-first search
337,binary tree
336,array
336,hash table
336,string
336,trie
335,array
335,math
335,geometry
334,array
334,greedy
332,depth-first search
332,graph
332,eulerian circuit
331,string
331,stack
331,tree
331,binary tree
330,array
330,greedy
329,dynamic programming
329,depth-first search
329,breadth-first search
329,graph
329,topological sort
329,memoization
328,linked list
327,array
327,binary search
327,divide and conquer
327,binary indexed tree
327,segment tree
327,merge sort
327,ordered set
326,math
326,recursion
324,array
324,divide and conquer
324,sorting
324,quickselect
322,array
322,dynamic programming
322,breadth-first search
321,stack
321,greedy
321,monotonic stack
319,math
319,brainteaser
318,array
318,string
318,bit manipulation
316,string
316,stack
316,greedy
316,monotonic stack
315,array
315,binary search
315,divide and conquer
315,binary indexed tree
315,segment tree
315,merge sort
315,ordered set
313,array
313,math
313,dynamic programming
312,array
312,dynamic programming
310,depth-first search
310,breadth-first search
310,graph
310,topological sort
309,array
309,dynamic programming
307,array
307,design
307,binary indexed tree
307,segment tree
306,string
306,backtracking
304,array
304,design
304,matrix
304,prefix sum
303,array
303,design
303,prefix sum
301,string
301,backtracking
301,breadth-first search
300,array
300,binary search
300,dynamic programming
299,hash table
299,string
299,counting
297,string
297,tree
297,depth-first search
297,breadth-first search
297,design
297,binary tree
295,two pointers
295,design
295,sorting
295,heap (priority queue)
295,data stream
292,math
292,brainteaser
292,game theory
290,hash table
290,string
289,array
289,matrix
289,simulation
287,array
287,two pointers
287,binary search
287,bit manipulation
284,array
284,design
284,iterator
283,array
283,two pointers
282,math
282,string
282,backtracking
279,math
279,dynamic programming
279,breadth-first search
278,binary search
278,interactive
275,array
275,binary search
274,array
274,sorting
274,counting sort
273,math
273,string
273,recursion
268,array
268,hash table
268,math
268,binary search
268,bit manipulation
268,sorting
264,hash table
264,math
264,dynamic programming
264,heap (priority queue)
263,math
260,array
260,bit manipulation
258,math
258,simulation
258,number theory
257,string
257,backtracking
257,tree
257,depth-first search
257,binary tree
242,hash table
242,string
242,sorting
241,math
241,string
241,dynamic programming
241,recursion
241,memoization
240,array
240,binary search
240,divide and conquer
240,matrix
239,array
239,queue
239,sliding window
239,heap (priority queue)
239,monotonic queue
238,array
238,prefix sum
237,linked list
236,tree
236,depth-first search
236,binary tree
235,tree
235,depth-first search
235,binary search tree
235,binary tree
234,linked list
234,two pointers
234,stack
234,recursion
233,math
233,dynamic programming
233,recursion
232,stack
232,design
232,queue
231,math
231,bit manipulation
231,recursion
230,tree
230,depth-first search
230,binary search tree
230,binary tree
229,array
229,hash table
229,sorting
229,counting
228,array
227,math
227,string
227,stack
226,tree
226,depth-first search
226,breadth-first search
226,binary tree
225,stack
225,design
225,queue
224,math
224,string
224,stack
224,recursion
223,math
223,geometry
222,binary search
222,tree
222,depth-first search
222,binary tree
221,array
221,dynamic programming
221,matrix
220,array
220,sliding window
220,sorting
220,bucket sort
220,ordered set
219,array
219,hash table
219,sliding window
218,array
218,divide and conquer
218,binary indexed tree
218,segment tree
218,line sweep
218,heap (priority queue)
218,ordered set
217,array
217,hash table
217,sorting
216,array
216,backtracking
215,array
215,divide and conquer
215,sorting
215,heap (priority queue)
215,quickselect
214,string
214,rolling hash
214,string matching
214,hash function
213,array
213,dynamic programming
212,array
212,string
212,backtracking
212,trie
212,matrix
211,string
211,depth-first search
211,design
211,trie
210,depth-first search
210,breadth-first search
210,graph
210,topological sort
209,array
209,binary search
209,sliding window
209,prefix sum
208,hash table
208,string
208,design
208,trie
207,depth-first search
207,breadth-first search
207,graph
207,topological sort
206,linked list
206,recursion
205,hash table
205,string
204,array
204,math
204,enumeration
204,number theory
203,linked list
203,recursion
202,hash table
202,math
202,two pointers
201,bit manipulation
200,array
200,depth-first search
200,breadth-first search
200,union find
200,matrix
199,tree
199,depth-first search
199,breadth-first search
199,binary tree
198,array
198,dynamic programming
191,bit manipulation
190,divide and conquer
190,bit manipulation
189,array
189,math
189,two pointers
188,array
188,dynamic programming
187,hash table
187,string
187,bit manipulation
187,sliding window
187,rolling hash
187,hash function
179,string
179,greedy
179,sorting
174,array
174,dynamic programming
174,matrix
173,stack
173,tree
173,design
173,binary search tree
173,binary tree
173,iterator
172,math
171,math
171,string
169,array
169,hash table
169,divide and conquer
169,sorting
169,counting
168,math
168,string
167,array
167,two pointers
167,binary search
166,hash table
166,math
166,string
165,two pointers
165,string
164,array
164,sorting
164,bucket sort
164,radix sort
162,array
162,binary search
160,hash table
160,linked list
160,two pointers
155,stack
155,design
154,array
154,binary search
153,array
153,binary search
152,array
152,dynamic programming
151,two pointers
151,string
150,array
150,math
150,stack
149,array
149,hash table
149,math
149,geometry
148,linked list
148,two pointers
148,divide and conquer
148,sorting
148,merge sort
147,linked list
147,sorting
146,hash table
146,linked list
146,design
146,doubly-linked list
145,stack
145,tree
145,depth-first search
145,binary tree
144,stack
144,tree
144,depth-first search
144,binary tree
143,linked list
143,two pointers
143,stack
143,recursion
142,hash table
142,linked list
142,two pointers
141,hash table
141,linked list
141,two pointers
140,hash table
140,string
140,dynamic programming
140,backtracking
140,trie
140,memoization
139,hash table
139,string
139,dynamic programming
139,trie
139,memoization
138,hash table
138,linked list
137,array
137,bit manipulation
136,array
136,bit manipulation
135,array
135,greedy
134,array
134,greedy
133,hash table
133,depth-first search
133,breadth-first search
133,graph
132,string
132,dynamic programming
131,string
131,dynamic programming
131,backtracking
130,array
130,depth-first search
130,breadth-first search
130,union find
130,matrix
129,tree
129,depth-first search
129,binary tree
128,array
128,hash table
128,union find
127,hash table
127,string
127,breadth-first search
126,hash table
126,string
126,backtracking
126,breadth-first search
125,two pointers
125,string
124,dynamic programming
124,tree
124,depth-first search
124,binary tree
123,array
123,dynamic programming
122,array
122,dynamic programming
122,greedy
121,array
121,dynamic programming
120,array
120,dynamic programming
119,array
119,dynamic programming
118,array
118,dynamic programming
117,linked list
117,tree
117,depth-first search
117,breadth-first search
117,binary tree
116,linked list
116,tree
116,depth-first search
116,breadth-first search
116,binary tree
115,string
115,dynamic programming
114,linked list
114,stack
114,tree
114,depth-first search
114,binary tree
113,backtracking
113,tree
113,depth-first search
113,binary tree
112,tree
112,depth-first search
112,breadth-first search
112,binary tree
111,tree
111,depth-first search
111,breadth-first search
111,binary tree
110,tree
110,depth-first search
110,binary tree
109,linked list
109,divide and conquer
109,tree
109,binary search tree
109,binary tree
108,array
108,divide and conquer
108,tree
108,binary search tree
108,binary tree
107,tree
107,breadth-first search
107,binary tree
106,array
106,hash table
106,divide and conquer
106,tree
106,binary tree
105,array
105,hash table
105,divide and conquer
105,tree
105,binary tree
104,tree
104,depth-first search
104,breadth-first search
104,binary tree
103,tree
103,breadth-first search
103,binary tree
102,tree
102,breadth-first search
102,binary tree
101,tree
101,depth-first search
101,breadth-first search
101,binary tree
100,tree
100,depth-first search
100,breadth-first search
100,binary tree
99,tree
99,depth-first search
99,binary search tree
99,binary tree
98,tree
98,depth-first search
98,binary search tree
98,binary tree
97,string
97,dynamic programming
96,math
96,dynamic programming
96,tree
96,binary search tree
96,binary tree
95,dynamic programming
95,backtracking
95,tree
95,binary search tree
95,binary tree
94,stack
94,tree
94,depth-first search
94,binary tree
93,string
93,backtracking
92,linked list
91,string
91,dynamic programming
90,array
90,backtracking
90,bit manipulation
89,math
89,backtracking
89,bit manipulation
88,array
88,two pointers
88,sorting
87,string
87,dynamic programming
86,linked list
86,two pointers
85,array
85,dynamic programming
85,stack
85,matrix
85,monotonic stack
84,array
84,stack
84,monotonic stack
83,linked list
82,linked list
82,two pointers
81,array
81,binary search
80,array
80,two pointers
79,array
79,backtracking
79,matrix
78,array
78,backtracking
78,bit manipulation
77,backtracking
76,hash table
76,string
76,sliding window
75,array
75,two pointers
75,sorting
74,array
74,binary search
74,matrix
73,array
73,hash table
73,matrix
72,string
72,dynamic programming
71,string
71,stack
70,math
70,dynamic programming
70,memoization
69,math
69,binary search
68,array
68,string
68,simulation
67,math
67,string
67,bit manipulation
67,simulation
66,array
66,math
65,string
64,array
64,dynamic programming
64,matrix
63,array
63,dynamic programming
63,matrix
62,math
62,dynamic programming
62,combinatorics
61,linked list
61,two pointers
60,math
60,recursion
59,array
59,matrix
59,simulation
58,string
57,array
56,array
56,sorting
55,array
55,dynamic programming
55,greedy
54,array
54,matrix
54,simulation
53,array
53,divide and conquer
53,dynamic programming
52,backtracking
51,array
51,backtracking
50,math
50,recursion
49,array
49,hash table
49,string
49,sorting
48,array
48,math
48,matrix
47,array
47,backtracking
46,array
46,backtracking
45,array
45,dynamic programming
45,greedy
44,string
44,dynamic programming
44,greedy
44,recursion
43,math
43,string
43,simulation
42,array
42,two pointers
42,dynamic programming
42,stack
42,monotonic stack
41,array
41,hash table
40,array
40,backtracking
39,array
39,backtracking
38,string
37,array
37,backtracking
37,matrix
36,array
36,hash table
36,matrix
35,array
35,binary search
34,array
34,binary search
33,array
33,binary search
32,string
32,dynamic programming
32,stack
31,array
31,two pointers
30,hash table
30,string
30,sliding window
29,math
29,bit manipulation
28,two pointers
28,string
28,string matching
27,array
27,two pointers
26,array
26,two pointers
25,linked list
25,recursion
24,linked list
24,recursion
23,linked list
23,divide and conquer
23,heap (priority queue)
23,merge sort
22,string
22,dynamic programming
22,backtracking
21,linked list
21,recursion
20,string
20,stack
19,linked list
19,two pointers
18,array
18,two pointers
18,sorting
17,hash table
17,string
17,backtracking
16,array
16,two pointers
16,sorting
15,array
15,two pointers
15,sorting
14,string
13,hash table
13,math
13,string
12,hash table
12,math
12,string
11,array
11,two pointers
11,greedy
10,string
10,dynamic programming
10,recursion
9,math
8,string
7,math
6,string
5,string
5,dynamic programming
4,array
4,binary search
4,divide and conquer
3,hash table
3,string
3,sliding window
2,linked list
2,math
2,recursion
1,array
1,hash table
